Feature,r_ARI,p_ARI,p_ARI_fdr,significant_ARI,significant_without_fdr_ARI
Dwell_a_d_BG,0.3119051234764193,0.032818595616347306,0.13709594801714353,False,True
Dwell_a_d_EY,-0.3381966555483764,0.02006650866262266,0.13709594801714353,False,True
Dwell_a_a_BG,0.3676605508948665,0.011008778142087491,0.13709594801714353,False,True
Dwell_a_a_EY,-0.30948028325506555,0.03427398700428588,0.13709594801714353,False,True
Dwell_c_d_BG,0.2860214129747351,0.05129622299341725,0.18238657064326133,False,True
Dwell_c_a_BG,0.3247244323250401,0.02594825981036348,0.13709594801714353,False,True
pctFirstFixa_aEY,-0.26853936425965436,0.06798226211357859,0.19776658069404682,False,True
pctFirstFixa_aMO,0.2781637876045779,0.058331741062944024,0.18666157140142087,False,True
pctFirstFixc_aBG,0.32935657937904567,0.02378174861401653,0.13709594801714353,False,True
pctFirstFixa_dEY,-0.2493692236215701,0.09095626277310111,0.24255003406160294,False,True
pctFirstFixa_dBG,0.34132896676038416,0.01887338322479664,0.13709594801714353,False,True
pctFirstFixc_dBG,0.38035830912584484,0.008356169664851872,0.13709594801714353,False,True
